일차,구분,뜻,표기
1일차,명사,사랑,"愛 (あい)"
1일차,명사,신호,"合図 (あいず)"
1일차,명사,상대,"相手 (あいて)"
1일차,명사,"갓난아기, 젖먹이","赤ん坊 (あかんぼう)"
1일차,명사,공터,"空き地 (あきち)"
1일차,명사,악수,"握手 (あくしゅ)"
1일차,명사,하품,あくび
1일차,명사,아침 해,"朝日 (あさひ)"
1일차,명사,발자국,"足跡 (あしあと)"
1일차,명사,맛보기,"味見 (あじみ)"
1일차,명사,발밑,"足元 (あしもと)"
1일차,명사,당연함,"当たり前 (あたりまえ)"
1일차,명사,악화,"悪化 (あっか)"
1일차,명사,모임,"集まり (あつまり)"
1일차,명사,수신인 주소,"あて先 (あてさき)"
1일차,명사,구멍,"穴 (あな)"
1일차,명사,기름,"油 (あぶら)"
1일차,명사,덧문,"雨戸 (あまど)"
1일차,명사,방충망,"網戸 (あみど)"
1일차,명사,거품,"泡 (あわ)"
1일차,명사,암기,"暗記 (あんき)"
1일차,명사,변명,"言い訳 (いいわけ)"
1일차,명사,분노,"怒り (いかり)"
1일차,명사,숨,"息 (いき)"
1일차,명사,의의,"意義 (いぎ)"
1일차,명사,기세,"勢い (いきおい)"
1일차,명사,생물,"生き物 (いきもの)"
1일차,명사,육아,"育児 (いくじ)"
1일차,명사,이후,"以後 (いご)"
1일차,명사,이후,"以降 (いこう)"
1일차,명사,의사,"意思 (いし)"
1일차,명사,의사,"医師 (いし)"
1일차,명사,의지,"意志 (いし)"
1일차,명사,이전,"以前 (いぜん)"
1일차,명사,판자,"板 (いた)"
1일차,명사,아픔,"痛み (いたみ)"
1일차,명사,위치,"位置 (いち)"
1일차,명사,시장,"市場 (いちば)"
1일차,명사,일부,"一部 (いちぶ)"
1일차,명사,1개월,"一か月 (いっかげつ)"
1일차,명사,일생,"一生 (いっしょう)"
1일차,명사,일방통행,"一方通行 (いっぽうつうこう)"
1일차,명사,이동,"移動 (いどう)"
1일차,명사,사촌,いとこ
1일차,명사,꾸벅꾸벅 졸음,"居眠り (いねむり)"
1일차,명사,위반,"違反 (いはん)"
1일차,명사,의료,"医療 (いりょう)"
1일차,명사,바위,"岩 (いわ)"
1일차,명사,인상,"印象 (いんしょう)"
1일차,명사,양치질,うがい
1일차,명사,수취인,"受取人 (うけとりにん)"
1일차,명사,토끼,うさぎ
1일차,명사,소,"牛 (うし)"
1일차,명사,우회전,"右折 (うせつ)"
1일차,명사,거짓말쟁이,うそつき
1일차,명사,말,"馬 (うま)"
1일차,명사,태어남,"生まれ (うまれ)"
1일차,명사,매실,"梅 (うめ)"
1일차,명사,매출,"売り上げ (うりあげ)"
1일차,명사,매진,"売り切れ (うりきれ)"
1일차,명사,소문,"噂 (うわさ)"
1일차,명사,운하,"運河 (うんが)"
1일차,명사,운임,"運賃 (うんちん)"
1일차,명사,운전석,"運転席 (うんてんせき)"
2일차,명사,운전면허증,"運転免許証 (うんてんめんきょしょう)"
2일차,명사,영원,"永遠 (えいえん)"
2일차,명사,영향,"影響 (えいきょう)"
2일차,명사,영국,"英国 (えいこく)"
2일차,명사,영문,"英文 (えいぶん)"
2일차,명사,영양,"栄養 (えいよう)"
2일차,명사,웃는 얼굴,"笑顔 (えがお)"
2일차,명사,연회,"宴会 (えんかい)"
2일차,명사,연극,"演劇 (えんげき)"
2일차,명사,연주,"演奏 (えんそう)"
2일차,명사,소풍,"遠足 (えんそく)"
2일차,명사,조카,おい
2일차,명사,응원,"応援 (おうえん)"
2일차,명사,왕,"王様 (おうさま)"
2일차,명사,왕자,"王子 (おうじ)"
2일차,명사,횡단,"横断 (おうだん)"
2일차,명사,왕복,"往復 (おうふく)"
2일차,명사,응모,"応募 (おうぼ)"
2일차,명사,응용,"応用 (おうよう)"
2일차,명사,큰길,"大通り (おおどおり)"
2일차,명사,주인, 집주인,"大家 (おおや)"
2일차,명사,안쪽,"奥 (おく)"
2일차,명사,옥외,"屋外 (おくがい)"
2일차,명사,옥내,"屋内 (おくない)"
2일차,명사,멋, 멋쟁이,おしゃれ
2일차,명사,엉덩이,"お尻 (おしり)"
2일차,명사,추천,"お勧め (おすすめ)"
2일차,명사,서로,"お互い (おたがい)"
2일차,명사,찻잔,"お茶碗 (おちゃわん)"
2일차,명사,가정부,"お手伝いさん (おてつだいさん)"
2일차,명사,맞선,"お見合い (おみあい)"
2일차,명사,엄지손가락,"親指 (おやゆび)"
2일차,명사,답례,"お礼 (おれい)"
2일차,명사,음악가,"音楽家 (おんがくか)"
2일차,명사,온실,"温室 (おんしつ)"
2일차,명사,온천,"温泉 (おんせん)"
2일차,명사,온도,"温度 (おんど)"
2일차,명사,부인,"女の人 (おんなのひと)"
2일차,명사,어부바,おんぶ
2일차,명사,회원,"会員 (かいいん)"
2일차,명사,회화 (그림),"絵画 (かいが)"
2일차,명사,해외,"海外 (かいがい)"
2일차,명사,회관,"会館 (かいかん)"
2일차,명사,해결,"解決 (かいけつ)"
2일차,명사,회합,"会合 (かいごう)"
2일차,명사,개찰구,"改札口 (かいさつぐち)"
2일차,명사,회수,"回収 (かいしゅう)"
2일차,명사,외출,"外出 (がいしゅつ)"
2일차,명사,해수욕,"海水浴 (かいすいよく)"
2일차,명사,회수권,"回数券 (かいすうけん)"
2일차,명사,해설,"解説 (かいせつ)"
2일차,명사,회장,"会長 (かいちょう)"
2일차,명사,향기,"香り (かおり)"
2일차,명사,화가,"画家 (がか)"
2일차,명사,가격,"価格 (かかく)"
2일차,명사,화학,"化学 (かがく)"
2일차,명사,담당, 담당자,"係り (かかり)"
2일차,명사,등기,"書留 (かきとめ)"
2일차,명사,받아쓰기,"書き取り (かきとり)"
2일차,명사,가구,"家具 (かぐ)"
2일차,명사,완행열차,"各駅停車 (かくえきていしゃ)"
2일차,명사,각오,"覚悟 (かくご)"
2일차,명사,학자,"学者 (がくしゃ)"
2일차,명사,학습,"学習 (がくしゅう)"
3일차,명사,확대,"拡大 (かくだい)"
3일차,명사,각지,"各地 (かくち)"
3일차,명사,확인,"確認 (かくにん)"
3일차,명사,학비,"学費 (がくひ)"
3일차,명사,학부,"学部 (がくぶ)"
3일차,명사,학문,"学問 (がくもん)"
3일차,명사,파격적인 가격,"格安 (かくやす)"
3일차,명사,학력,"学力 (がくりょく)"
3일차,명사,곱셈,"かけ算 (かけざん)"
3일차,명사,과거,"過去 (かこ)"
3일차,명사,화재,"火災 (かさい)"
3일차,명사,대출,"貸し出し (かしだし)"
3일차,명사,하천,"河川 (かせん)"
3일차,명사,과제,"課題 (かだい)"
3일차,명사,여러분,"方々 (かたがた)"
3일차,명사,한쪽,"片方 (かたほう)"
3일차,명사,편도,"片道 (かたみち)"
3일차,명사,이김, 승리,"勝ち (かち)"
3일차,명사,가치,"価値 (かち)"
3일차,명사,활기,"活気 (かっき)"
3일차,명사,악기,"楽器 (がっき)"
3일차,명사,활동,"活動 (かつどう)"
3일차,명사,가정,"仮定 (かてい)"
3일차,명사,가전제품,"家電製品 (かでんせいひん)"
3일차,명사,슬픔,"悲しみ (かなしみ)"
3일차,명사,참음, 인내,"我慢 (がまん)"
3일차,명사,신,"神 (かみ)"
3일차,명사,화면,"画面 (がめん)"
3일차,명사,과목,"科目 (かもく)"
3일차,명사,빔, 공백,"空 (から)"
3일차,명사,텅 빔,"空っぽ (からっぽ)"
3일차,명사,캔,"缶 (かん)"
3일차,명사,생각,"考え (かんがえ)"
3일차,명사,감각,"感覚 (かんかく)"
3일차,명사,간격,"間隔 (かんかく)"
3일차,명사,환경,"環境 (かんきょう)"
3일차,명사,환영회,"歓迎会 (かんげいかい)"
3일차,명사,관광,"観光 (かんこう)"
3일차,명사,간호사,"看護師 (かんごし)"
3일차,명사,느낌,"感じ (かんじ)"
3일차,명사,감사,"感謝 (かんしゃ)"
3일차,명사,환자,"患者 (かんじゃ)"
3일차,명사,감정,"感情 (かんじょう)"
3일차,명사,감탄,"感心 (かんしん)"
3일차,명사,관심,"関心 (かんしん)"
3일차,명사,완성,"完成 (かんせい)"
3일차,명사,간접,"間接 (かんせつ)"
3일차,명사,감상,"感想 (かんそう)"
3일차,명사,감동,"感動 (かんどう)"
3일차,명사,건배,"乾杯 (かんぱい)"
3일차,명사,완료,"完了 (かんりょう)"
3일차,명사,기온,"気温 (きおん)"
3일차,명사,기회,"機会 (きかい)"
3일차,명사,기한,"期限 (きげん)"
3일차,명사,기사,"記事 (きじ)"
3일차,명사,상처,"傷 (きず)"
3일차,명사,기대,"期待 (きたい)"
3일차,명사,기체,"気体 (きたい)"
3일차,명사,귀가,"帰宅 (きたく)"
3일차,명사,흡연석,"喫煙席 (きつえんせき)"
3일차,명사,기입,"記入 (きにゅう)"
3일차,명사,기념,"記念 (きねん)"
3일차,명사,희망,"希望 (きぼう)"
3일차,명사,규칙, 결정,"決まり (きまり)"
3일차,명사,의문,"疑問 (ぎもん)"
3일차,명사,반대, 거꾸로,"逆 (ぎゃく)"
4일차,명사,휴가,"休暇 (きゅうか)"
4일차,명사,휴업,"休業 (きゅうぎょう)"
4일차,명사,휴게,"休憩 (きゅうけい)"
4일차,명사,휴일,"休日 (きゅうじつ)"
4일차,명사,급식,"給食 (きゅうしょく)"
4일차,명사,급브레이크,"急ブレーキ (きゅうブレーキ)"
4일차,명사,급여,"給与 (きゅうよ)"
4일차,명사,휴양,"休養 (きゅうよう)"
4일차,명사,급료,"給料 (きゅうりょう)"
4일차,명사,~행,"~行 (~ぎょう)"
4일차,명사,강화,"強化 (きょうか)"
4일차,명사,교과서,"教科書 (きょうかしょ)"
4일차,명사,교사,"教師 (きょうし)"
4일차,명사,행사,"行事 (ぎょうじ)"
4일차,명사,교수,"教授 (きょうじゅ)"
4일차,명사,경쟁,"競争 (きょうそう)"
4일차,명사,강조,"強調 (きょうちょう)"
4일차,명사,공통,"共通 (きょうつう)"
4일차,명사,협력,"協力 (きょうりょく)"
4일차,명사,허가,"許可 (きょか)"
4일차,명사,거리,"距離 (きょり)"
4일차,명사,기록,"記録 (きろく)"
4일차,명사,금연,"禁煙 (きんえん)"
4일차,명사,금연석,"禁煙席 (きんえんせき)"
4일차,명사,근시,"近視 (きんし)"
4일차,명사,금지,"禁止 (きんし)"
4일차,명사,긴장,"緊張 (きんちょう)"
4일차,명사,근무,"勤務 (きんむ)"
4일차,명사,구역,"区域 (くいき)"
4일차,명사,공석,"空席 (くうせき)"
4일차,명사,구간,"区間 (くかん)"
4일차,명사,제비뽑기,くじ
4일차,명사,재채기,くしゃみ
4일차,명사,약지,"薬指 (くすりゆび)"
4일차,명사,버릇,"癖 (くせ)"
4일차,명사,하행,"下り (くだり)"
4일차,명사,립스틱,"口紅 (くちべに)"
4일차,명사,구별,"区別 (くべつ)"
4일차,명사,살림, 생활,"暮らし (くらし)"
4일차,명사,반복, 되풀이,"くり返し (くりかえし)"
4일차,명사,고생,"苦労 (くろう)"
4일차,명사,경영,"経営 (けいえい)"
4일차,명사,경찰관,"警察官 (けいさつかん)"
4일차,명사,경찰서,"警察署 (けいさつしょ)"
4일차,명사,계산,"計算 (けいさん)"
4일차,명사,예술,"芸術 (げいじゅつ)"
4일차,명사,휴대,"携帯 (けいたい)"
4일차,명사,털실,"毛糸 (けいと)"
4일차,명사,계통,"系統 (けいとう)"
4일차,명사,계약,"契約 (けいやく)"
4일차,명사,경유,"経由 (けいゆ)"
4일차,명사,외과,"外科 (げか)"
4일차,명사,하순,"下旬 (げじゅん)"
4일차,명사,화장,"化粧 (けしょう)"
4일차,명사,하수,"下水 (げすい)"
4일차,명사,혈액,"血液 (けつえき)"
4일차,명사,혈액형,"血液型 (けつえきがた)"
4일차,명사,결국,"結局 (けっきょく)"
4일차,명사,결심,"決心 (けっしん)"
4일차,명사,결정,"決定 (けってい)"
4일차,명사,결점,"欠点 (けってん)"
4일차,명사,결론,"結論 (けつろん)"
4일차,명사,연기,"煙 (けむり)"
4일차,명사,한계,"限界 (げんかい)"
4일차,명사,현금,"現金 (げんきん)"
4일차,명사,언어,"言語 (げんご)"
5일차,명사,건강,"健康 (けんこう)"
5일차,명사,검사,"検査 (けんさ)"
5일차,명사,현재,"現在 (げんざい)"
5일차,명사,현실,"現実 (げんじつ)"
5일차,명사,감소,"減少 (げんしょう)"
5일차,명사,건설,"建設 (けんせつ)"
5일차,명사,현대,"現代 (げんだい)"
5일차,명사,한도,"限度 (げんど)"
5일차,명사,원료,"原料 (げんりょう)"
5일차,명사,사랑,"恋 (こい)"
5일차,명사,연인,"恋人 (こいびと)"
5일차,명사,행운,"幸運 (こううん)"
5일차,명사,효과,"効果 (こうか)"
5일차,명사,공학,"工学 (こうがく)"
5일차,명사,합격,"合格 (ごうかく)"
5일차,명사,교환,"交換 (こうかん)"
5일차,명사,고급,"高級 (こうきゅう)"
5일차,명사,공공요금,"公共料金 (こうきょうりょうきん)"
5일차,명사,합계,"合計 (ごうけい)"
5일차,명사,효행,"孝行 (こうこう)"
5일차,명사,광고,"広告 (こうこく)"
5일차,명사,교제,"交際 (こうさい)"
5일차,명사,고속도로,"高速道路 (こうそくどうろ)"
5일차,명사,순조로움,"好調 (こうちょう)"
5일차,명사,교통사고,"交通事故 (こうつうじこ)"
5일차,명사,교통비,"交通費 (こうつうひ)"
5일차,명사,교정 (운동장),"校庭 (こうてい)"
5일차,명사,행동,"行動 (こうどう)"
5일차,명사,합동,"合同 (ごうどう)"
5일차,명사,후배,"後輩 (こうはい)"
5일차,명사,후반,"後半 (こうはん)"
5일차,명사,행복,"幸福 (こうふく)"
5일차,명사,단풍,"紅葉 (こうよう)"
5일차,명사,공립,"公立 (こうりつ)"
5일차,명사,합류,"合流 (ごうりゅう)"
5일차,명사,효력,"効力 (こうりょく)"
5일차,명사,고령자,"高齢者 (こうれいしゃ)"
5일차,명사,오해,"誤解 (ごかい)"
5일차,명사,어학,"語学 (ごがく)"
5일차,명사,호흡,"呼吸 (こきゅう)"
5일차,명사,고향,"故郷 (こきょう)"
5일차,명사,국어,"国語 (こくご)"
5일차,명사,칠판,"黒板 (こくばん)"
5일차,명사,작은 목소리,"小声 (こごえ)"
5일차,명사,허리,"腰 (こし)"
5일차,명사,육아,"子育て (こそだて)"
5일차,명사,국회,"国会 (こっかい)"
5일차,명사,소포,"小包 (こづつみ)"
5일차,명사,취향,"好み (このみ)"
5일차,명사,새끼손가락,"小指 (こゆび)"
5일차,명사,이후,"今後 (こんご)"
5일차,명사,혼잡,"混雑 (こんざつ)"
5일차,명사,혼란,"混乱 (こんらん)"
5일차,명사,차이,"差 (さ)"
5일차,명사,최고,"最高 (さいこう)"
5일차,명사,국경일,"祭日 (さいじつ)"
5일차,명사,최신,"最新 (さいしん)"
5일차,명사,재생,"再生 (さいせい)"
5일차,명사,최저,"最低 (さいてい)"
5일차,명사,채점,"採点 (さいてん)"
5일차,명사,재능,"才能 (さいのう)"
5일차,명사,재이용,"再利用 (さいりよう)"
5일차,명사,재료,"材料 (ざいりょう)"
5일차,명사,그끄저께,"一昨々日 (さきおととい)"
6일차,명사,작업,"作業 (さぎょう)"
6일차,명사,작자,"作者 (さくしゃ)"
6일차,명사,작년,"昨年 (さくねん)"
6일차,명사,어젯밤,"昨夜 (さくや)"
6일차,명사,발신인,"差出人 (さしだしにん)"
6일차,명사,좌석,"座席 (ざせき)"
6일차,명사,좌회전,"左折 (させつ)"
6일차,명사,작가,"作家 (さっか)"
6일차,명사,작곡,"作曲 (さっきょく)"
6일차,명사,살인,"殺人 (さつじん)"
6일차,명사,접시,"皿 (さら)"
6일차,명사,원숭이,"猿 (さる)"
6일차,명사,소동,"騒ぎ (さわぎ)"
6일차,명사,출산,"産 (さん)"
6일차,명사,참가,"参加 (さんか)"
6일차,명사,잔업,"残業 (ざんぎょう)"
6일차,명사,시,"詩 (し)"
6일차,명사,사원 (절),"寺院 (じいん)"
6일차,명사,사회 (진행자),"司会 (しかい)"
6일차,명사,다음 번,"次回 (じかい)"
6일차,명사,시간표,"時間割 (じかんわり)"
6일차,명사,사계절,"四季 (しき)"
6일차,명사,지급,"支給 (しきゅう)"
6일차,명사,사건,"事件 (じけん)"
6일차,명사,사후,"死後 (しご)"
6일차,명사,사후,"事後 (じご)"
6일차,명사,시각,"時刻 (じこく)"
6일차,명사,시간표,"時刻表 (じこくひょう)"
6일차,명사,지시,"指示 (しじ)"
6일차,명사,지사,"支社 (ししゃ)"
6일차,명사,자습,"自習 (じしゅう)"
6일차,명사,차녀,"次女 (じじょ)"
6일차,명사,사정,"事情 (じじょう)"
6일차,명사,시인,"詩人 (しじん)"
6일차,명사,자신,"自信 (じしん)"
6일차,명사,자연,"自然 (しぜん)"
6일차,명사,사전,"事前 (じぜん)"
6일차,명사,시속,"時速 (じそく)"
6일차,명사,초고, 밑그림,"下書き (したがき)"
6일차,명사,실업,"失業 (しつぎょう)"
6일차,명사,습기,"湿気 (しっけ)"
6일차,명사,실현,"実現 (じつげん)"
6일차,명사,실행,"実行 (じっこう)"
6일차,명사,습도,"湿度 (しつど)"
6일차,명사,실력,"実力 (じつりょく)"
6일차,명사,실연,"失恋 (しつれん)"
6일차,명사,지정,"指定 (してい)"
6일차,명사,지정석,"指定席 (していせき)"
6일차,명사,사철 (사립 철도),"私鉄 (してつ)"
6일차,명사,지점,"支店 (してん)"
6일차,명사,지도,"指導 (しどう)"
6일차,명사,자동판매기,"自動販売機 (じどうはんばいき)"
6일차,명사,물품,"品 (しな)"
6일차,명사,차남,"次男 (じなん)"
6일차,명사,시발역,"始発駅 (しはつえき)"
6일차,명사,사망,"死亡 (しぼう)"
6일차,명사,자랑,"自慢 (じまん)"
6일차,명사,사무,"事務 (じむ)"
6일차,명사,성명,"氏名 (しめい)"
6일차,명사,마감,"締め切り (しめきり)"
6일차,명사,지면,"地面 (じめん)"
6일차,명사,수도꼭지,"蛇口 (じゃぐち)"
6일차,명사,차고,"車庫 (しゃこ)"
6일차,명사,사설 (신문),"社説 (しゃせつ)"
6일차,명사,차바퀴,"車輪 (しゃりん)"
6일차,명사,주위,"周囲 (しゅうい)"
7일차,명사,주간지,"週刊誌 (しゅうかんし)"
7일차,명사,주거,"住居 (じゅうきょ)"
7일차,명사,중시,"重視 (じゅうし)"
7일차,명사,취직,"就職 (しゅうしょく)"
7일차,명사,자유석,"自由席 (じゆうせき)"
7일차,명사,집중,"集中 (しゅうちゅう)"
7일차,명사,종점,"終点 (しゅうてん)"
7일차,명사,수입,"収入 (しゅうにゅう)"
7일차,명사,주변,"周辺 (しゅうへん)"
7일차,명사,주말,"週末 (しゅうまつ)"
7일차,명사,주민,"住民 (じゅうみん)"
7일차,명사,수리,"修理 (しゅうり)"
7일차,명사,수업료,"授業料 (じゅぎょうりょう)"
7일차,명사,축일 (공휴일),"祝日 (しゅくじつ)"
7일차,명사,축소,"縮小 (しゅくしょう)"
7일차,명사,숙박,"宿泊 (しゅくはく)"
7일차,명사,수험,"受験 (じゅけん)"
7일차,명사,수술,"手術 (しゅじゅつ)"
7일차,명사,수신,"受信 (じゅしん)"
7일차,명사,수단,"手段 (しゅだん)"
7일차,명사,주장,"主張 (しゅちょう)"
7일차,명사,출근,"出勤 (しゅっきん)"
7일차,명사,출혈,"出血 (しゅっけつ)"
7일차,명사,출현,"出現 (しゅつげん)"
7일차,명사,출장 (시합 등),"出場 (しゅつじょう)"
7일차,명사,출신,"出身 (しゅっしん)"
7일차,명사,출장 (업무),"出張 (しゅっちょう)"
7일차,명사,출판,"出版 (しゅっぱん)"
7일차,명사,수도 (도시),"首都 (しゅと)"
7일차,명사,주부,"主婦 (しゅふ)"
7일차,명사,수명,"寿命 (じゅみょう)"
7일차,명사,종류,"種類 (しゅるい)"
7일차,명사,수화기,"受話器 (じゅわき)"
7일차,명사,순번,"順番 (じゅんばん)"
7일차,명사,소화,"消化 (しょうか)"
7일차,명사,승객,"乗客 (じょうきゃく)"
7일차,명사,상급,"上級 (じょうきゅう)"
7일차,명사,상업,"商業 (しょうぎょう)"
7일차,명사,상하,"上下 (じょうげ)"
7일차,명사,조건,"条件 (じょうけん)"
7일차,명사,정오,"正午 (しょうご)"
7일차,명사,상사,"上司 (じょうし)"
7일차,명사,상식,"常識 (じょうしき)"
7일차,명사,승차,"乗車 (じょうしゃ)"
7일차,명사,승차권,"乗車券 (じょうしゃけん)"
7일차,명사,상순,"上旬 (じょうじゅん)"
7일차,명사,소녀,"少女 (しょうじょ)"
7일차,명사,증상,"症状 (しょうじょう)"
7일차,명사,농담,"冗談 (じょうだん)"
7일차,명사,상점,"商店 (しょうてん)"
7일차,명사,상인,"商人 (しょうにん)"
7일차,명사,소년,"少年 (しょうねん)"
7일차,명사,장사,"商売 (しょうばい)"
7일차,명사,소비,"消費 (しょうひ)"
7일차,명사,상품,"商品 (しょうひん)"
7일차,명사,상품 (경품),"賞品 (しょうひん)"
7일차,명사,소방,"消防 (しょうぼう)"
7일차,명사,정보,"情報 (じょうほう)"
7일차,명사,소방서,"消防署 (しょうぼうしょ)"
7일차,명사,증명,"証明 (しょうめい)"
7일차,명사,정면,"正面 (しょうめん)"
7일차,명사,사용료,"使用料 (しようりょう)"
7일차,명사,초급,"初級 (しょきゅう)"
7일차,명사,직업,"職業 (しょくぎょう)"
7일차,명사,식후,"食後 (しょくご)"
7일차,명사,식사비,"食事代 (しょくじだい)"
8일차,명사,직장,"職場 (しょくば)"
8일차,명사,식비,"食費 (しょくひ)"
8일차,명사,식품,"食品 (しょくひん)"
8일차,명사,식물,"植物 (しょくぶつ)"
8일차,명사,식욕,"食欲 (しょくよく)"
8일차,명사,여자,"女子 (じょし)"
8일차,명사,초심자,"初心者 (しょしんしゃ)"
8일차,명사,식기,"食器 (しょっき)"
8일차,명사,서점,"書店 (しょてん)"
8일차,명사,여배우,"女優 (じょゆう)"
8일차,명사,서류,"書類 (しょるい)"
8일차,명사,소식,"知らせ (しらせ)"
8일차,명사,아는 사람,"知り合い (しりあい)"
8일차,명사,사립,"私立 (しりつ)"
8일차,명사,자료,"資料 (しりょう)"
8일차,명사,표시,"印 (しるし)"
8일차,명사,진학,"進学 (しんがく)"
8일차,명사,신칸센,"新幹線 (しんかんせん)"
8일차,명사,신호,"信号 (しんごう)"
8일차,명사,진찰,"診察 (しんさつ)"
8일차,명사,인종,"人種 (じんしゅ)"
8일차,명사,신청,"申請 (しんせい)"
8일차,명사,인생,"人生 (じんせい)"
8일차,명사,친척,"親戚 (しんせき)"
8일차,명사,신장 (키),"身長 (しんちょう)"
8일차,명사,진보,"進歩 (しんぽ)"
8일차,명사,심야,"深夜 (しんや)"
8일차,명사,친구,"親友 (しんゆう)"
8일차,명사,심리,"心理 (しんり)"
8일차,명사,친척,"親類 (しんるい)"
8일차,명사,식초,"酢 (す)"
8일차,명사,물방울,"水滴 (すいてき)"
8일차,명사,수도요금,"水道料金 (すいどうりょうきん)"
8일차,명사,수면,"睡眠 (すいみん)"
8일차,명사,수식,"数式 (すうしき)"
8일차,명사,막내,"末っ子 (すえっこ)"
8일차,명사,좋고 싫음,"好き嫌い (すききらい)"
8일차,명사,전부,"全て (すべて)"
8일차,명사,주거,"住まい (すまい)"
8일차,명사,구석,"隅 (すみ)"
8일차,명사,도면,"図面 (ずめん)"
8일차,명사,세금,"税 (ぜい)"
8일차,명사,정답,"正解 (せいかい)"
8일차,명사,성격,"性格 (せいかく)"
8일차,명사,생활비,"生活費 (せいかつひ)"
8일차,명사,청구서,"請求書 (せいきゅうしょ)"
8일차,명사,세금,"税金 (ぜいきん)"
8일차,명사,제한,"制限 (せいげん)"
8일차,명사,성공,"成功 (せいこう)"
8일차,명사,세금 포함,"税込み (ぜいこみ)"
8일차,명사,정좌,"正座 (せいざ)"
8일차,명사,정치가,"政治家 (せいじか)"
8일차,명사,정식,"正式 (せいしき)"
8일차,명사,성질,"性質 (せいしつ)"
8일차,명사,청춘,"青春 (せいしゅん)"
8일차,명사,청소년,"青少年 (せいしょうねん)"
8일차,명사,성인,"成人 (せいじん)"
8일차,명사,성적,"成績 (せいせき)"
8일차,명사,청소,"清掃 (せいそう)"
8일차,명사,성장,"成長 (せいちょう)"
8일차,명사,청년,"青年 (せいねん)"
8일차,명사,생년월일,"生年月日 (せいねんがっぴ)"
8일차,명사,제품,"製品 (せいひん)"
8일차,명사,제복,"制服 (せいふく)"
8일차,명사,정문,"正門 (せいもん)"
8일차,명사,정리,"整理 (せいり)"
9일차,명사,기침,"咳 (せき)"
9일차,명사,책임,"責任 (せきにん)"
9일차,명사,석유,"石油 (せきゆ)"
9일차,명사,절약,"節約 (せつやく)"
9일차,명사,전원,"全員 (ぜんいん)"
9일차,명사,선거,"選挙 (せんきょ)"
9일차,명사,전후,"前後 (ぜんご)"
9일차,명사,전공,"専攻 (せんこう)"
9일차,명사,세제,"洗剤 (せんざい)"
9일차,명사,요전,"先日 (せんじつ)"
9일차,명사,전신,"全身 (ぜんしん)"
9일차,명사,선택,"選択 (せんたく)"
9일차,명사,세탁기,"洗濯機 (せんたくき)"
9일차,명사,세탁물,"洗濯物 (せんたくもの)"
9일차,명사,선전,"宣伝 (せんでん)"
9일차,명사,전반,"前半 (ぜんはん)"
9일차,명사,선풍기,"扇風機 (せんぷうき)"
9일차,명사,세면소,"洗面所 (せんめんじょ)"
9일차,명사,전문가,"専門家 (せんもんか)"
9일차,명사,선로,"線路 (せんろ)"
9일차,명사,소음,"騒音 (そうおん)"
9일차,명사,송금,"送金 (そうきん)"
9일차,명사,종합,"総合 (そうごう)"
9일차,명사,청소기,"掃除機 (そうじき)"
9일차,명사,송신,"送信 (そうしん)"
9일차,명사,상상,"想像 (そうぞう)"
9일차,명사,창조,"創造 (そうぞう)"
9일차,명사,상속,"相続 (そうぞく)"
9일차,명사,송별회,"送別会 (そうべつかい)"
9일차,명사,송료,"送料 (そうりょう)"
9일차,명사,속달,"速達 (そくたつ)"
9일차,명사,측정,"測定 (そくてい)"
9일차,명사,속도,"速度 (そくど)"
9일차,명사,측량,"測量 (そくりょう)"
9일차,명사,밑바닥,"底 (そこ)"
9일차,명사,졸업식,"卒業式 (そつぎょうしき)"
9일차,명사,소매,"袖 (そで)"
9일차,명사,체육,"体育 (たいいく)"
9일차,명사,체온,"体温 (たいおん)"
9일차,명사,대회,"大会 (たいかい)"
9일차,명사,퇴학,"退学 (たいがく)"
9일차,명사,대금,"代金 (だいきん)"
9일차,명사,대책,"対策 (たいさく)"
9일차,명사,체중,"体重 (たいじゅう)"
9일차,명사,퇴직,"退職 (たいしょく)"
9일차,명사,태도,"態度 (たいど)"
9일차,명사,대통령,"大統領 (だいとうりょう)"
9일차,명사,대표,"代表 (だいひょう)"
9일차,명사,체포,"逮捕 (たいほ)"
9일차,명사,제명,"題名 (だいめい)"
9일차,명사,대리,"代理 (だいり)"
9일차,명사,대량,"大量 (たいりょう)"
9일차,명사,체력,"体力 (たいりょく)"
9일차,명사,보물,"宝 (たから)"
9일차,명사,덧셈,"足し算 (たしざん)"
9일차,명사,공짜,"ただ (ただ)"
9일차,명사,싸움,"戦い (たたかい)"
9일차,명사,안음,抱っこ
9일차,명사,타인,"他人 (たにん)"
9일차,명사,씨앗,"種 (たね)"
9일차,명사,부탁,"頼み (たのみ)"
9일차,명사,여행,"旅 (たび)"
9일차,명사,단기,"短期 (たんき)"
9일차,명사,단어,"単語 (たんご)"
10일차,명사,남자,"男子 (だんし)"
10일차,명사,탄생,"誕生 (たんじょう)"
10일차,명사,단수,"断水 (だんすい)"
10일차,명사,단체,"団体 (だんたい)"
10일차,명사,담당,"担当 (たんとう)"
10일차,명사,난방,"暖房 (だんぼう)"
10일차,명사,지하,"地下 (ちか)"
10일차,명사,차이,"違い (ちがい)"
10일차,명사,지하수,"地下水 (ちかすい)"
10일차,명사,지름길,"近道 (ちかみち)"
10일차,명사,지구,"地球 (ちきゅう)"
10일차,명사,지인,"知人 (ちじん)"
10일차,명사,지방,"地方 (ちほう)"
10일차,명사,지명,"地名 (ちめい)"
10일차,명사,중앙,"中央 (ちゅうおう)"
10일차,명사,중학,"中学 (ちゅうがく)"
10일차,명사,중간,"中間 (ちゅうかん)"
10일차,명사,중급,"中級 (ちゅうきゅう)"
10일차,명사,중고,"中古 (ちゅうこ)"
10일차,명사,중국,"中国 (ちゅうごく)"
10일차,명사,주사,"注射 (ちゅうしゃ)"
10일차,명사,주차위반,"駐車違反 (ちゅうしゃいはん)"
10일차,명사,중순,"中旬 (ちゅうじゅん)"
10일차,명사,점심,"昼食 (ちゅうしょく)"
10일차,명사,중심,"中心 (ちゅうしん)"
10일차,명사,중년,"中年 (ちゅうねん)"
10일차,명사,주목,"注目 (ちゅうもく)"
10일차,명사,주문,"注文 (ちゅうもん)"
10일차,명사,초과,"超過 (ちょうか)"
10일차,명사,조사,"調査 (ちょうさ)"
10일차,명사,상태,"調子 (ちょうし)"
10일차,명사,장점,"長所 (ちょうしょ)"
10일차,명사,장녀,"長女 (ちょうじょ)"
10일차,명사,조정,"調整 (ちょうせい)"
10일차,명사,장남,"長男 (ちょうなん)"
10일차,명사,조미료,"調味料 (ちょうみりょう)"
10일차,명사,직후,"直後 (ちょくご)"
10일차,명사,직접,"直接 (ちょくせつ)"
10일차,명사,직선,"直線 (ちょくせん)"
10일차,명사,직전,"直前 (ちょくぜん)"
10일차,명사,직통,"直通 (ちょくつう)"
10일차,명사,통과,"通過 (つうか)"
10일차,명사,통근,"通勤 (つうきん)"
10일차,명사,통행,"通行 (つうこう)"
10일차,명사,통신,"通信 (つうしん)"
10일차,명사,통지,"通知 (つうち)"
10일차,명사,통장,"通帳 (つうちょう)"
10일차,명사,통역,"通訳 (つうやく)"
10일차,명사,세월,"月日 (つきひ)"
10일차,명사,흙,"土 (つち)"
10일차,명사,포장,"包み (つつみ)"
10일차,명사,만남,"出会い (であい)"
10일차,명사,제안,"提案 (ていあん)"
10일차,명사,정원,"定員 (ていいん)"
10일차,명사,저하,"低下 (ていか)"
10일차,명사,정기,"定期 (ていき)"
10일차,명사,정기권,"定期券 (ていきけん)"
10일차,명사,정차,"停車 (ていしゃ)"
10일차,명사,제출,"提出 (ていしゅつ)"
10일차,명사,정전,"停電 (ていでん)"
10일차,명사,출입,"出入り (でいり)"
10일차,명사,사건, 일,"出来事 (できごと)"
10일차,명사,손목,"手首 (てくび)"
10일차,명사,마술,"手品 (てじな)"
10일차,명사,도움,"手伝い (てつだい)"
10일차,명사,철도,"鉄道 (てつどう)"
11일차,명사,전구,"電球 (でんきゅう)"
11일차,명사,전기요금,"電気料金 (でんきりょうきん)"
11일차,명사,천국,"天国 (てんごく)"
11일차,명사,전언,"伝言 (でんごん)"
11일차,명사,전시,"展示 (てんじ)"
11일차,명사,전찻삯,"電車代 (でんしゃだい)"
11일차,명사,전염,"伝染 (でんせん)"
11일차,명사,전봇대,"電柱 (でんちゅう)"
11일차,명사,전화요금,"電話代 (でんわだい)"
11일차,명사,답안,"答案 (とうあん)"
11일차,명사,문의,"問い合わせ (といあわせ)"
11일차,명사,통계,"統計 (とうけい)"
11일차,명사,당일,"当日 (とうじつ)"
11일차,명사,등장,"登場 (とうじょう)"
11일차,명사,당연,"当然 (とうぜん)"
11일차,명사,등대,"灯台 (とうだい)"
11일차,명사,도착,"到着 (とうちゃく)"
11일차,명사,동남아시아,"東南アジア (とうなんアジア)"
11일차,명사,동양,"東洋 (とうよう)"
11일차,명사,도로,"道路 (どうろ)"
11일차,명사,멀리 돌아감,"遠回り (とおまわり)"
11일차,명사,독,"毒 (どく)"
11일차,명사,독서,"読書 (どくしょ)"
11일차,명사,특색,"特色 (とくしょく)"
11일차,명사,독신,"独身 (どくしん)"
11일차,명사,특매,"特売 (とくばい)"
11일차,명사,독립,"独立 (どくりつ)"
11일차,명사,도코노마,"床の間 (とこのま)"
11일차,명사,등산,"登山 (とざん)"
11일차,명사,도시,"都市 (とし)"
11일차,명사,연상,"年上 (としうえ)"
11일차,명사,노인,"年寄り (としより)"
11일차,명사,토지,"土地 (とち)"
11일차,명사,도보,"徒歩 (とほ)"
11일차,명사,친구,"友 (とも)"
11일차,명사,호랑이,"虎 (とら)"
11일차,명사,거래,"取引 (とりひき)"
11일차,명사,노력,"努力 (どりょく)"
11일차,명사,진흙,"泥 (どろ)"
11일차,명사,이름,"名 (な)"
11일차,명사,내과,"内科 (ないか)"
11일차,명사,비밀,"内緒 (ないしょ)"
11일차,명사,내선,"内線 (ないせん)"
11일차,명사,내용,"内容 (ないよう)"
11일차,명사,사이,"仲 (なか)"
11일차,명사,화해,"仲直り (なかなおり)"
11일차,명사,가운뎃손가락,"中指 (なかゆび)"
11일차,명사,사이좋음,"仲良し (なかよし)"
11일차,명사,흐름,"流れ (ながれ)"
11일차,명사,비스듬함,"斜め (ななめ)"
11일차,명사,생것,"生 (なま)"
11일차,명사,파도,"波 (なみ)"
11일차,명사,가로수,"並木 (なみき)"
11일차,명사,눈물,"涙 (なみだ)"
11일차,명사,남북,"南北 (なんぼく)"
11일차,명사,일시,"日時 (にちじ)"
11일차,명사,일상,"日常 (にちじょう)"
11일차,명사,일용품,"日用品 (にちようひん)"
11일차,명사,낮,"日中 (にっちゅう)"
11일차,명사,일정,"日程 (にってい)"
11일차,명사,일본술,"日本酒 (にほんしゅ)"
11일차,명사,입장,"入場 (にゅうじょう)"
11일차,명사,입장료,"入場料 (にゅうじょうりょう)"
11일차,명사,입욕,"入浴 (にゅうよく)"
12일차,명사,입력,"入力 (にゅうりょく)"
12일차,명사,닭,"鶏 (にわとり)"
12일차,명사,인기,"人気 (にんき)"
12일차,명사,인간,"人間 (にんげん)"
12일차,명사,뿌리,"根 (ね)"
12일차,명사,가격 인상,"値上げ (ねあげ)"
12일차,명사,소원,"願い (ねがい)"
12일차,명사,가격 인하,"値下げ (ねさげ)"
12일차,명사,쥐,ねずみ
12일차,명사,열중,"熱中 (ねっちゅう)"
12일차,명사,연하장,"年賀状 (ねんがじょう)"
12일차,명사,연간,"年間 (ねんかん)"
12일차,명사,세월,"年月 (ねんげつ)"
12일차,명사,연중,"年中 (ねんじゅう)"
12일차,명사,~학년,"~年生 (~ねんせい)"
12일차,명사,연말,"年末 (ねんまつ)"
12일차,명사,들판,"野 (の)"
12일차,명사,농촌,"農村 (のうそん)"
12일차,명사,농민,"農民 (のうみん)"
12일차,명사,능력,"能力 (のうりょく)"
12일차,명사,상행,"上り (のぼり)"
12일차,명사,회식,"飲み会 (のみかい)"
12일차,명사,김,"海苔 (のり)"
12일차,명사,정거장을 지나침,"乗り越し (のりこし)"
12일차,명사,배,"倍 (ばい)"
12일차,명사,회색,"灰色 (はいいろ)"
12일차,명사,장마,"梅雨 (ばいう)"
12일차,명사,배달,"配達 (はいたつ)"
12일차,명사,매점,"売店 (ばいてん)"
12일차,명사,매매,"売買 (ばいばい)"
12일차,명사,박수,"拍手 (はくしゅ)"
12일차,명사,박물관,"博物館 (はくぶつかん)"
12일차,명사,젓가락,"箸 (はし)"
12일차,명사,기둥,"柱 (はしら)"
12일차,명사,밭,"畑 (はたけ)"
12일차,명사,기능, 작용,"働き (はたらき)"
12일차,명사,열심히 일하는 사람,"働き者 (はたらきもの)"
12일차,명사,발견,"発見 (はっけん)"
12일차,명사,발차,"発車 (はっしゃ)"
12일차,명사,발생,"発生 (はっせい)"
12일차,명사,발상,"発想 (はっそう)"
12일차,명사,발달,"発達 (はったつ)"
12일차,명사,발전,"発展 (はってん)"
12일차,명사,발전 (전기),"発電 (はつでん)"
12일차,명사,발매,"発売 (はつばい)"
12일차,명사,발표,"発表 (はっぴょう)"
12일차,명사,발명,"発明 (はつめい)"
12일차,명사,이야기 나눔,"話し合い (はなしあい)"
12일차,명사,통화 중,"話し中 (はなしちゅう)"
12일차,명사,불꽃놀이,"花火 (はなび)"
12일차,명사,콧물,"鼻水 (はなみず)"
12일차,명사,폭, 너비,"幅 (はば)"
12일차,명사,모친,"母親 (ははおや)"
12일차,명사,양치질,"歯磨き (はみがき)"
12일차,명사,장면,"場面 (ばめん)"
12일차,명사,말이 빠름,"早口 (はやぐち)"
12일차,명사,빠르기,"速さ (はやさ)"
12일차,명사,일찍 자고 일찍 일어나기,"早寝早起き (はやねはやおき)"
12일차,명사,배,"腹 (はら)"
12일차,명사,바늘,"針 (はり)"
12일차,명사,범위,"範囲 (はんい)"
12일차,명사,금일,"本日 (ほんじつ)"
12일차,명사,반성,"反省 (はんせい)"
12일차,명사,반년,"半年 (はんとし)"
13일차,명사,반나절,"半日 (はんにち)"
13일차,명사,범인,"犯人 (はんにん)"
13일차,명사,판매,"販売 (はんばい)"
13일차,명사,~번째,"~番目 (~ばんめ)"
13일차,명사,볕이 잘 듦,"日当たり (ひあたり)"
13일차,명사,피해,"被害 (ひがい)"
13일차,명사,당일치기,"日帰り (ひがえり)"
13일차,명사,뺄셈,"引き算 (ひきざん)"
13일차,명사,날짜,"日付 (ひづけ)"
13일차,명사,이사,"引っ越し (ひっこし)"
13일차,명사,비행,"飛行 (ひこう)"
13일차,명사,미술,"美術 (びじゅつ)"
13일차,명사,미인,"美人 (びじん)"
13일차,명사,필기,"筆記 (ひっき)"
13일차,명사,검지,"人差し指 (ひとさしゆび)"
13일차,명사,사람들,"人々 (ひとびと)"
13일차,명사,외아들,"一人息子 (ひとりむすこ)"
13일차,명사,외동딸,"一人娘 (ひとりむすめ)"
13일차,명사,끈,"紐 (ひも)"
13일차,명사,표,"表 (ひょう)"
13일차,명사,비용,"費用 (ひよう)"
13일차,명사,미용,"美容 (びよう)"
13일차,명사,표현,"表現 (ひょうげん)"
13일차,명사,표지,"表紙 (ひょうし)"
13일차,명사,표정,"表情 (ひょうじょう)"
13일차,명사,표면,"表面 (ひょうめん)"
13일차,명사,낮잠,"昼寝 (ひるね)"
13일차,명사,병조림,"瓶詰め (びんづめ)"
13일차,명사,풍경,"風景 (ふうけい)"
13일차,명사,부부,"夫婦 (ふうふ)"
13일차,명사,부하,"部下 (ぶか)"
13일차,명사,복수,"複数 (ふくすう)"
13일차,명사,불합격,"不合格 (ふごうかく)"
13일차,명사,부부,"夫妻 (ふさい)"
13일차,명사,부족,"不足 (ふそく)"
13일차,명사,뚜껑,"ふた (ふた)"
13일차,명사,무대,"舞台 (ぶたい)"
13일차,명사,평소,"普段 (ふだん)"
13일차,명사,가장자리,"縁 (ふち)"
13일차,명사,물가,"物価 (ぶっか)"
13일차,명사,물리,"物理 (ぶつり)"
13일차,명사,붓,"筆 (ふで)"
13일차,명사,부품,"部品 (ぶひん)"
13일차,명사,부분,"部分 (ぶぶん)"
13일차,명사,불만,"不満 (ふまん)"
13일차,명사,건널목,"踏み切り (ふみきり)"
13일차,명사,계좌 이체,"振り込み (ふりこみ)"
13일차,명사,분위기,"雰囲気 (ふんいき)"
13일차,명사,문헌,"文献 (ぶんけん)"
13일차,명사,분수,"分数 (ぶんすう)"
13일차,명사,문방구,"文房具 (ぶんぼうぐ)"
13일차,명사,분류,"分類 (ぶんるい)"
13일차,명사,평균,"平均 (へいきん)"
13일차,명사,평행,"平行 (へいこう)"
13일차,명사,미국,"米国 (べいこく)"
13일차,명사,평일,"平日 (へいじつ)"
13일차,명사,평화,"平和 (へいわ)"
13일차,명사,변화,"変化 (へんか)"
13일차,명사,반납,"返却 (へんきゃく)"
13일차,명사,변경,"変更 (へんこう)"
13일차,명사,변호사,"弁護士 (べんごし)"
13일차,명사,편집,"編集 (へんしゅう)"
13일차,명사,보고,"報告 (ほうこく)"
13일차,명사,보석,"宝石 (ほうせき)"
13일차,명사,법칙,"法則 (ほうそく)"
13일차,명사,부엌칼,"包丁 (ほうちょう)"
14일차,명사,송년회,"忘年会 (ぼうねんかい)"
14일차,명사,방법,"方法 (ほうほう)"
14일차,명사,방면,"方面 (ほうめん)"
14일차,명사,방문,"訪問 (ほうもん)"
14일차,명사,먼지,ほこり
14일차,명사,다른,"他 (ほか)"
14일차,명사,모집,"募集 (ぼしゅう)"
14일차,명사,보존,"保存 (ほぞん)"
14일차,명사,도련님,"坊ちゃん (ぼっちゃん)"
14일차,명사,보도,"歩道 (ほどう)"
14일차,명사,육교,"歩道橋 (ほどうきょう)"
14일차,명사,본사,"本社 (ほんしゃ)"
14일차,명사,본점,"本店 (ほんてん)"
14일차,명사,본인,"本人 (ほんにん)"
14일차,명사,본부,"本部 (ほんぶ)"
14일차,명사,진짜,"本物 (ほんもの)"
14일차,명사,번역,"翻訳 (ほんやく)"
14일차,명사,사이,"間 (ま)"
14일차,명사,미아,"迷子 (まいご)"
14일차,명사,매번,"毎度 (まいど)"
14일차,명사,패배,"負け (まけ)"
14일차,명사,거리,"街 (まち)"
14일차,명사,약속하여 만남,"待ち合わせ (まちあわせ)"
14일차,명사,실수,"間違い (まちがい)"
14일차,명사,길모퉁이,"街角 (まちかど)"
14일차,명사,소나무,"松 (まつ)"
14일차,명사,축제,"祭り (まつり)"
14일차,명사,창가,"窓側 (まどがわ)"
14일차,명사,도마,"まな板 (まないた)"
14일차,명사,흉내,"真似 (まね)"
14일차,명사,콩,"豆 (まめ)"
14일차,명사,한밤중,"真夜中 (まよなか)"
14일차,명사,동그라미,"丸 (まる)"
14일차,명사,주위,"周り (まわり)"
14일차,명사,돎, 회전,"回り (まわり)"
14일차,명사,우회도로,"回り道 (まわりみち)"
14일차,명사,만원,"満員 (まんいん)"
14일차,명사,만족,"満足 (まんぞく)"
14일차,명사,만점,"満点 (まんてん)"
14일차,명사,몸,"身 (み)"
14일차,명사,배웅,"見送り (みおくり)"
14일차,명사,아군, 내 편,"味方 (みかた)"
14일차,명사,호수,"湖 (みずうみ)"
14일차,명사,수영복,"水着 (みずぎ)"
14일차,명사,표제, 제목,"見出し (みだし)"
14일차,명사,재검토,"見直し (みなおし)"
14일차,명사,문병,"見舞い (みまい)"
14일차,명사,선물,"土産 (みやげ)"
14일차,명사,글피,"明後日 (みょうごにち)"
14일차,명사,미래,"未来 (みらい)"
14일차,명사,민간,"民間 (みんかん)"
14일차,명사,맞은편,"向かい (むかい)"
14일차,명사,마중,"迎え (むかえ)"
14일차,명사,방향,"向き (むき)"
14일차,명사,무휴,"無休 (むきゅう)"
14일차,명사,무시,"無視 (むし)"
14일차,명사,무지 (민무늬),"無地 (むじ)"
14일차,명사,충치,"虫歯 (むしば)"
14일차,명사,아들,"息子 (むすこ)"
14일차,명사,무선,"無線 (むせん)"
14일차,명사,헛됨,"無駄 (むだ)"
14일차,명사,낭비,"無駄づかい (むだづかい)"
14일차,명사,가슴,"胸 (むね)"
15일차,명사,무료,"無料 (むりょう)"
15일차,명사,명작,"名作 (めいさく)"
15일차,명사,명함,"名刺 (めいし)"
15일차,명사,명인,"名人 (めいじん)"
15일차,명사,민폐,"迷惑 (めいわく)"
15일차,명사,손윗사람,"目上 (めうえ)"
15일차,명사,자명종,"目覚まし (めざまし)"
15일차,명사,밥,"飯 (めし)"
15일차,명사,손아랫사람,"目下 (めした)"
15일차,명사,현기증,めまい
15일차,명사,면회,"面会 (めんかい)"
15일차,명사,면허,"免許 (めんきょ)"
15일차,명사,면세,"免税 (めんぜい)"
15일차,명사,면접,"面接 (めんせつ)"
15일차,명사,신청자,"申込者 (もうしこみしゃ)"
15일차,명사,신청서,"申込書 (もうしこみしょ)"
15일차,명사,모포,"毛布 (もうふ)"
15일차,명사,목적,"目的 (もくてき)"
15일차,명사,목표,"目標 (もくひょう)"
15일차,명사,문자,"文字 (もじ)"
15일차,명사,사람,"者 (もの)"
15일차,명사,창고,"物置 (ものおき)"
15일차,명사,이야기,"物語 (ものがたり)"
15일차,명사,건망증,"物忘れ (ものわすれ)"
15일차,명사,무늬,"模様 (もよう)"
15일차,명사,불평,"文句 (もんく)"
15일차,명사,야구,"野球 (やきゅう)"
15일차,명사,화상,"火傷 (やけど)"
15일차,명사,집세,"家賃 (やちん)"
15일차,명사,약국,"薬局 (やっきょく)"
15일차,명사,하는 방식,"やり方 (やりかた)"
15일차,명사,할 마음,"やる気 (やるき)"
15일차,명사,용기,"勇気 (ゆうき)"
15일차,명사,우정,"友情 (ゆうじょう)"
15일차,명사,친구,"友人 (ゆうじん)"
15일차,명사,우송,"郵送 (ゆうそう)"
15일차,명사,우송료,"郵送料 (ゆうそうりょう)"
15일차,명사,소나기,"夕立 (ゆうだち)"
15일차,명사,석양,"夕日 (ゆうひ)"
15일차,명사,우편,"郵便 (ゆうびん)"
15일차,명사,저녁노을,"夕焼け (ゆうやけ)"
15일차,명사,유료,"有料 (ゆうりょう)"
15일차,명사,바닥,"床 (ゆか)"
15일차,명사,행선지,"行き先 (ゆきさき)"
15일차,명사,새벽,"夜明け (よあけ)"
15일차,명사,용기,"容器 (ようき)"
15일차,명사,요구,"要求 (ようきゅう)"
15일차,명사,용건,"用件 (ようけん)"
15일차,명사,유아,"幼児 (ようじ)"
15일차,명사,유치원,"幼稚園 (ようちえん)"
15일차,명사,용도,"用途 (ようと)"
15일차,명사,다음날 아침,"翌朝 (よくあさ)"
15일차,명사,욕심쟁이,"欲張り (よくばり)"
15일차,명사,예산,"予算 (よさん)"
15일차,명사,예상,"予想 (よそう)"
15일차,명사,예측,"予測 (よそく)"
15일차,명사,밤하늘,"夜空 (よぞら)"
15일차,명사,사거리,"四つ角 (よつかど)"
15일차,명사,한밤중,"夜中 (よなか)"
15일차,명사,세상,"世の中 (よのなか)"
15일차,명사,예보,"予報 (よほう)"
15일차,명사,예방,"予防 (よぼう)"
15일차,명사,기쁨,"喜び (よろこび)"
16일차,명사,이과,"理科 (りか)"
16일차,명사,이해,"理解 (りかい)"
16일차,명사,이혼,"離婚 (りこん)"
16일차,명사,이상,"理想 (りそう)"
16일차,명사,유학,"留学 (りゅうがく)"
16일차,명사,유행,"流行 (りゅうこう)"
16일차,명사,양,"量 (りょう)"
16일차,명사,양쪽,"両 (りょう)"
16일차,명사,환전,"両替 (りょうがえ)"
16일차,명사,양측,"両側 (りょうがわ)"
16일차,명사,요금,"料金 (りょうきん)"
16일차,명사,이력서,"履歴書 (りれきしょ)"
16일차,명사,집 지키기,"留守番 (るすばん)"
16일차,명사,예외,"例外 (れいがい)"
16일차,명사,냉동,"冷凍 (れいとう)"
16일차,명사,줄,"列 (れつ)"
16일차,명사,연휴,"連休 (れんきゅう)"
16일차,명사,녹음,"録音 (ろくおん)"
16일차,명사,녹화,"録画 (ろくが)"
16일차,명사,노면,"路面 (ろめん)"
16일차,명사,바퀴,"輪 (わ)"
16일차,명사,젊은이,"若者 (わかもの)"
16일차,명사,헤어짐,"別れ (わかれ)"
16일차,명사,화제,"話題 (わだい)"
16일차,명사,철새,"渡り鳥 (わたりどり)"
16일차,명사,사과,"詫び (わび)"
16일차,명사,웃음,"笑い (わらい)"
16일차,명사,비율,"割合 (わりあい)"
16일차,명사,나눗셈,"割り算 (わりざん)"
16일차,명사,할인,"割引 (わりびき)"
16일차,접두어,각~,"各~ (かく~)"
16일차,접두어,전~,"全~ (ぜん~)"
16일차,접두어,장~ (긴),"長~ (なが~)"
16일차,접두어,비~,"非~ (ひ~)"
16일차,접두어,무~ (없는),"無~ (む~)"
16일차,접미어,~안,"~案 (あん)"
16일차,접미어,~행,"~行き (いき/ゆき)"
16일차,접미어,~가 (전문가),"~家 (か)"
16일차,접미어,~식,"~式 (しき)"
16일차,접미어,~차,"~車 (しゃ)"
16일차,접미어,~를 따라,"~沿い (ぞい)"
16일차,접미어,~층짜리 건물,"~建て (だて)"
16일차,접미어,~점,"~店 (てん)"
16일차,접미어,~용,"~向き (むき)"
16일차,접미어,~료,"~料 (りょう)"
17일차,동사,사랑하다,"愛する (あいする)"
17일차,동사,포기하다,"諦める (あきらめる)"
17일차,동사,질리다,"飽きる (あきる)"
17일차,동사,비우다,"空ける (あける)"
17일차,동사,(날이) 밝다,"明ける (あける)"
17일차,동사,동경하다,"あこがれる (あこがれる)"
17일차,동사,맛보다,"味わう (あじわう)"
17일차,동사,맡다,"預かる (あずかる)"
17일차,동사,맡기다,"預ける (あずける)"
17일차,동사,주다,"与える (あたえる)"
17일차,동사,따뜻해지다,"暖まる (あたたまる)"
17일차,동사,데우다,"暖める/温める (あたためる)"
17일차,동사,다루다,"扱う (あつかう)"
17일차,동사,넘치다,"溢れる (あふれる)"
17일차,동사,남다,"余る (あまる)"
17일차,동사,뜨다 (뜨개질),"編む (あむ)"
17일차,동사,나타내다,"表す (あらわす)"
17일차,동사,나타나다,"表れる (あらわれる)"
17일차,동사,맞추다,"合わせる (あわせる)"
17일차,동사,당황하다,"慌てる (あわてる)"
17일차,동사,말을 꺼내다,"言い出す (いいだす)"
17일차,동사,아프다,"痛む (いたむ)"
17일차,동사,볶다,"炒める (いためる)"
17일차,동사,싫어하다,"嫌がる (いやがる)"
17일차,동사,떠올리다,"浮かべる (うかべる)"
17일차,동사,합격하다,"受かる (うかる)"
17일차,동사,뜨다,"浮く (うく)"
17일차,동사,받아들이다,"受け入れる (うけいれる)"
17일차,동사,받다,"受け取る (うけとる)"
17일차,동사,움직이다,"動かす (うごかす)"
17일차,동사,의심하다,"疑う (うたがう)"
17일차,동사,치다,"打つ (うつ)"
17일차,동사,옮기다,"移す (うつす)"
17일차,동사,비추다,"映す (うつす)"
17일차,동사,비치다,"映る (うつる)"
17일차,동사,(사진이) 찍히다,"写る (うつる)"
17일차,동사,옮겨가다,"移る (うつる)"
17일차,동사,빼앗다,"奪う (うばう)"
17일차,동사,메워지다,"埋まる (うまる)"
17일차,동사,낳다,"産む (うむ)"
17일차,동사,묻다,"埋める (うめる)"
17일차,동사,팔리다,"売れる (うれる)"
17일차,동사,얻다,"得る (える)"
17일차,동사,추월하다,"追い越す (おいこす)"
18일차,동사,따라잡다,"追い付く (いつく)"
18일차,동사,쫓다,"追う (おう)"
18일차,동사,끝내다,"終える (おえる)"
18일차,동사,행하다,"行う (おこなう)"
18일차,동사,일어나다,"起こる (おこる)"
18일차,동사,한턱내다,おごる
18일차,동사,배우다,"教わる (おそわる)"
18일차,동사,진정되다,"落ち着く (おちつく)"
18일차,동사,놀라게 하다,"驚かす (おどろかす)"
18일차,동사,뵙다 (겸양),"お目にかかる (おめにかかる)"
18일차,동사,믿어 버리다,"思い込む (おもいこむ)"
18일차,동사,생각해 내다,"思いつく (おもいつく)"
18일차,동사,부러뜨리다,"折る (おる)"
18일차,동사,내리다,"降ろす (おろす)"
18일차,동사,되돌아오다,"返る (かえる)"
18일차,동사,바꾸다,"替える (かえる)"
18일차,동사,빛나다,"輝く (かがやく)"
18일차,동사,고쳐 쓰다,"書き直す (かきなおす)"
18일차,동사,숨기다,"隠す (かくす)"
18일차,동사,숨다,"隠れる (かくれる)"
18일차,동사,둘러싸다,"囲む (かこむ)"
18일차,동사,겹치다,"重なる (かさなる)"
18일차,동사,포개다,"重ねる (かさねる)"
18일차,동사,벌다,"稼ぐ (かせぐ)"
18일차,동사,세다,"数える (かぞえる)"
18일차,동사,정돈되다,"片づく (かたづく)"
18일차,동사,슬퍼하다,"悲しむ (かなしむ)"
18일차,동사,마르다,"枯れる (かれる)"
18일차,동사,말리다,"乾かす (かわかす)"
18일차,동사,목마르다,"渇く (かわく)"
18일차,동사,느끼다,"感じる (かんじる)"
18일차,동사,~한 느낌이 들다,"気がする (きがする)"
18일차,동사,되묻다,"聞き直す (ききなおす)"
18일차,동사,효과가 있다,"効く (きく)"
18일차,동사,새기다,"刻む (きざむ)"
18일차,동사,알아차리다,"気づく (きづく)"
18일차,동사,신경 쓰다,"気にする (きにする)"
18일차,동사,신경 쓰이다,"気になる (きになる)"
18일차,동사,조심하다,"気を付ける (きをつける)"
18일차,동사,단락을 짓다,"区切る (くぎる)"
18일차,동사,썩다,"腐る (くさる)"
18일차,동사,지치다,くたびれる
18일차,동사,내려가다,"下る (くだる)"
18일차,동사,나눠주다,"配る (くばる)"
18일차,동사,해고되다,"首になる (くびになる)"
18일차,동사,끼다,"組む (くむ)"
18일차,동사,살다,"暮らす (くらす)"
19일차,동사,반복하다,"くり返す (くりかえす)"
19일차,동사,괴로워하다,"苦しむ (くるしむ)"
19일차,동사,더하다,"加える (くわえる)"
19일차,동사,더해지다,"加わる (くわわる)"
19일차,동사,차다,"蹴る (ける)"
19일차,동사,거절하다,"断る (ことわる)"
19일차,동사,좋아하다,"好む (このむ)"
19일차,동사,엎지르다,"こぼす (こぼす)"
19일차,동사,엎질러지다,"こぼれる (こぼれる)"
19일차,동사,굴리다,"転がす (ころがす)"
19일차,동사,구르다,"転がる (ころがる)"
19일차,동사,죽이다,"殺す (ころす)"
19일차,동사,외치다,"叫ぶ (さけぶ)"
19일차,동사,피하다,"避ける (さける)"
19일차,동사,권유하다,"誘う (さそう)"
19일차,동사,땡땡이치다,サボる
19일차,동사,식히다,"冷ます (さます)"
19일차,동사,깨우다,"覚ます (さます)"
19일차,동사,식다,"冷める (さめる)"
19일차,동사,깨다,"覚める (さめる)"
19일차,동사,떠나다,"去る (さる)"
19일차,동사,완성되다,"仕上がる (しあがる)"
19일차,동사,완성하다,"仕上げる (しあげる)"
19일차,동사,가라앉다,"沈む (しずむ)"
19일차,동사,따르다,"従う (したがう)"
19일차,동사,지불하다,"支払う (しはらう)"
19일차,동사,묶다,"縛る (しばる)"
19일차,동사,가리키다,"示す (しめす)"
19일차,동사,웅크리다,しゃがむ
19일차,동사,수다 떨다,しゃべる
19일차,동사,믿다,"信じる (しんじる)"
19일차,동사,지내다,"過ごす (すごす)"
19일차,동사,나아가게 하다,"進める (すすめる)"
19일차,동사,권하다,"勧める (すすめる)"
19일차,동사,끝내다,"済ませる (すませる)"
19일차,동사,붓다,"注ぐ (そそぐ)"
19일차,동사,자라다,"育つ (そだつ)"
19일차,동사,갖추어지다,"揃う (そろう)"
19일차,동사,갖추다,"揃える (そろえる)"
19일차,동사,알다 (겸양),"存じる (ぞんじる)"
19일차,동사,쓰러뜨리다,"倒す (たおす)"
19일차,동사,높아지다,"高まる (たかまる)"
19일차,동사,높이다,"高める (たかめる)"
19일차,동사,안다,"抱く (だく)"
19일차,동사,확인하다,"確かめる (たしかめる)"
19일차,동사,살다, 도움이 되다,"助かる (たすかる)"
19일차,동사,돕다,"助ける (たすける)"
20일차,동사,싸우다,"闘う (たたかう)"
20일차,동사,두드리다,"叩く (たたく)"
20일차,동사,개다,"畳む (たたむ)"
20일차,동사,일어서다,"立ち上がる (たちあがる)"
20일차,동사,멈춰서다,"立ち止まる (たちどまる)"
20일차,동사,지나다,"経つ (たつ)"
20일차,동사,속이다,"だます (だます)"
20일차,동사,모이다,"たまる (たまる)"
20일차,동사,입을 다물다,"黙る (だまる)"
20일차,동사,모으다,"貯める (ためる)"
20일차,동사,다가가다,"近付く (ちかづく)"
20일차,동사,가까이 하다,"近付ける (ちかづける)"
20일차,동사,어지르다,"散らかす (ちらかす)"
20일차,동사,어질러지다,"散らかる (ちらかる)"
20일차,동사,흩어지다,"散る (ちる)"
20일차,동사,통하다,"通じる (つうじる)"
20일차,동사,붙잡히다,"捕まる (つかまる)"
20일차,동사,붙잡다,"つかむ (つかむ)"
20일차,동사,사귀다,"付き合う (つきあう)"
20일차,동사,전해지다,"伝わる (つたわる)"
20일차,동사,힘쓰다,"努める (つとめる)"
20일차,동사,찌부러뜨리다,"つぶす (つぶす)"
20일차,동사,찌부러지다,"つぶれる (つぶれる)"
20일차,동사,쌓다,"積む (つむ)"
20일차,동사,강해지다,"強まる (つよまる)"
20일차,동사,강하게 하다,"強める (つよめる)"
20일차,동사,우연히 만나다,"出会う (であう)"
20일차,동사,완성되다,"出来上がる (できあがる)"
20일차,동사,마중 나가다,"出迎える (でむかえる)"
20일차,동사,지나가다,"通り過ぎる (とおりすぎる)"
20일차,동사,녹이다,"溶かす (とかす)"
20일차,동사,풀다,"溶く (とく)"
20일차,동사,고함치다,"怒鳴る (どなる)"
20일차,동사,날리다,"飛ばす (とばす)"
20일차,동사,뛰어들다,"飛び込む (とびこむ)"
20일차,동사,뛰어나오다,"飛び出す (とびだす)"
20일차,동사,취소하다,"取り消す (とりけす)"
20일차,동사,꺼내다,"取り出す (とりだす)"
20일차,동사,떨어지다, 잡히다,"取れる (とれる)"
20일차,동사,흘려보내다,"流す (ながす)"
20일차,동사,잃다,"亡くす (なくす)"
20일차,동사,게으름 피우다,"怠ける (なまける)"
20일차,동사,고민하다,"悩む (なやむ)"
20일차,동사,울리다,"鳴らす (ならす)"
20일차,동사,쥐다,"握る (にぎる)"
20일차,동사,삶다,"煮る (にる)"
20일차,동사,빼다,"抜く (ぬく)"
21일차,동사,빠지다,"抜ける (ぬける)"
21일차,동사,적시다,"濡らす (ぬらす)"
21일차,동사,남기다,"残す (のこす)"
21일차,동사,싣다,"載せる (のせる)"
21일차,동사,태우다,"乗せる (のせる)"
21일차,동사,제외하다,"除く (のぞく)"
21일차,동사,펴다,"伸ばす (のばす)"
21일차,동사,연장하다,"延ばす (のばす)"
21일차,동사,자라다,"伸びる (のびる)"
21일차,동사,연장되다,"延びる (のびる)"
21일차,동사,오르다,"上る (のぼる)"
21일차,동사,놓치다,"乗り遅れる (のりおくれる)"
21일차,동사,지나치다,"乗り越す (のりこす)"
21일차,동사,실리다,"載る (のる)"
21일차,동사,나다,"生える (はえる)"
21일차,동사,재다,"計る/測る/量る (はかる)"
21일차,동사,쓸다,"掃く (はく)"
21일차,동사,떼다,"外す (はずす)"
21일차,동사,튀다, 활기차다,"弾む (はずむ)"
21일차,동사,상의하다,"話し合う (はなしあう)"
21일차,동사,말을 걸다,"話しかける (はなしかける)"
21일차,동사,떼어놓다,"離す (はなす)"
21일차,동사,환불하다,"払い戻す (はらいもどす)"
21일차,동사,반하다,"反する (はんする)"
21일차,동사,떠맡다,"引き受ける (ひきうける)"
21일차,동사,인출하다,"引き出す (ひきだす)"
21일차,동사,차게 하다,"冷やす (ひやす)"
21일차,동사,넓어지다,"広がる (ひろがる)"
21일차,동사,넓히다,"広げる (ひろげる)"
21일차,동사,깊어지다,"深まる (ふかまる)"
21일차,동사,깊게 하다,"深める (ふかめる)"
21일차,동사,닦다,"拭く (ふく)"
21일차,동사,막다,"防ぐ (ふせぐ)"
21일차,동사,부딪치다,"ぶつける (ぶつける)"
21일차,동사,늘리다,"増やす (ふやす)"
21일차,동사,입금하다,"振り込む (ふりこみ)"
21일차,동사,흔들다,"振る (ふる)"
21일차,동사,떨다,"震える (ふるえる)"
21일차,동사,줄이다,"減らす (へらす)"
21일차,동사,줄다,"減る (へる)"
21일차,동사,말리다,"干す (ほす)"
21일차,동사,미소짓다,"微笑む (ほほえむ)"
21일차,동사,맡기다,"任せる (まかせる)"
21일차,동사,감다,"巻く (まく)"
21일차,동사,구부리다,"曲げる (まげる)"
21일차,동사,섞이다,"混ざる (まざる)"
22일차,동사,섞다,"混ぜる (まぜる)"
22일차,동사,틀리다,"間違う (まちがう)"
22일차,동사,정리되다,"まとまる (まとまる)"
22일차,동사,정리하다,"まとめる (まとめる)"
22일차,동사,배우다,"学ぶ (まなぶ)"
22일차,동사,초대하다,"招く (まねく)"
22일차,동사,헤매다,"迷う (まよう)"
22일차,동사,올려다보다,"見上げる (みあげる)"
22일차,동사,배웅하다,"見送る (みおくる)"
22일차,동사,내려다보다,"見下ろす (みおろす)"
22일차,동사,우연히 보다,"見かける (みかける)"
22일차,동사,재검토하다,"見直す (みなおす)"
22일차,동사,문병하다,"見舞う (みまう)"
22일차,동사,향하다,"向く (むく)"
22일차,동사,벗기다,"剥く (むく)"
22일차,동사,찌다,"蒸す (むす)"
22일차,동사,잇다,"結ぶ (むすぶ)"
22일차,동사,눈에 띄다,"目立つ (めだつ)"
22일차,동사,진찰하다,"診る (みる)"
22일차,동사,신청하다,"申し込む (もうしこむ)"
22일차,동사,타다,"燃える (もえる)"
22일차,동사,태우다,"燃やす (もやす)"
22일차,동사,담다,"盛る (もる)"
22일차,동사,도움이 되다,"役立つ (やくだつ)"
22일차,동사,찢다,"破る (やぶる)"
22일차,동사,찢어지다,"破れる (やぶれる)"
22일차,동사,그만두다,"辞める (やめる)"
22일차,동사,다시 하다,"やり直す (やりなおす)"
22일차,동사,데치다,ゆでる
22일차,동사,용서하다,"許す (ゆるす)"
22일차,동사,취하다,"酔う (よう)"
22일차,동사,가로지르다,"横切る (よこぎる)"
22일차,동사,보내오다,よこす
22일차,동사,더럽히다,"汚す (よごす)"
22일차,동사,만취하다,"酔っ払う (よっぱらう)"
22일차,동사,불러내다,"呼び出す (よびだす)"
22일차,동사,갈라지다,"分かれる (わかれる)"
22일차,동사,나누다,"分ける (わける)"
23일차,い형용사,창백하다,"青白い (あおじろい)"
23일차,い형용사,수상하다,"怪しい (あやしい)"
23일차,い형용사,고맙다,ありがたい
23일차,い형용사,용감하다,"勇ましい (いさましい)"
23일차,い형용사,어둑하다,"薄暗い (うすぐらい)"
23일차,い형용사,부럽다,うらやましい
23일차,이형용사,어리다,"幼い (おさない)"
23일차,이형용사,무섭다,"恐ろしい (おそろしい)"
23일차,이형용사,무겁다,"重たい (おもたい)"
23일차,이형용사,현명하다,"賢い (かしこい)"
23일차,이형용사,끈기있다,"がまん強い (がまんづよい)"
23일차,이형용사,가렵다,かゆい
23일차,이형용사,사랑스럽다,かわいらしい
23일차,이형용사,심하다,"きつい (きつい)"
23일차,이형용사,고약한 냄새가 나다,"臭い (くさい)"
23일차,이형용사,시시하다,くだらない
23일차,이형용사,분하다,"悔しい (くやしい)"
23일차,이형용사,자세하다,"詳しい (くわしい)"
23일차,이형용사,험하다,"険しい (けわしい)"
23일차,이형용사,진하다,"濃い (こい)"
23일차,이형용사,그립다,"恋しい (こいしい)"
23일차,이형용사,짜다,"塩辛い (しおからい)"
23일차,이형용사,끈질기다,しつこい
23일차,이형용사,뻔뻔스럽다,ずうずうしい
23일차,이형용사,날카롭다,"鋭い (するどい)"
23일차,이형용사,덜렁대다,そそっかしい
23일차,이형용사,믿음직하다,"頼もしい (たのもしい)"
23일차,이형용사,나른하다,だるい
23일차,이형용사,갈색이다,"茶色い (ちゃいろい)"
23일차,이형용사,괴롭다,"つらい (つらい)"
23일차,이형용사,터무니없다,とんでもない
23일차,이형용사,그립다,"懐かしい (なつかしい)"
23일차,이형용사,밉다,"憎い (にくい)"
23일차,이형용사,격렬하다,"激しい (はげしい)"
23일차,이형용사,가늘고 길다,"細長い (ほそながい)"
23일차,이형용사,가난하다,"貧しい (まずしい)"
23일차,이형용사,눈부시다,"眩しい (まぶしい)"
23일차,이형용사,추하다,"醜い (みにくい)"
23일차,이형용사,무덥다,"蒸し暑い (むしあつい)"
23일차,이형용사,귀찮다,"面倒くさい (めんどうくさい)"
23일차,이형용사,죄송하다,"申し訳ない (もうしわけない)"
23일차,이형용사,아깝다,もったいない
23일차,이형용사,시끄럽다,やかましい
23일차,이형용사,어쩔 수 없다,"やむを得ない (やむをえない)"
23일차,이형용사,느슨하다,"緩い (ゆるい)"
23일차,이형용사,젊디젊다,"若々しい (わかわかしい)"
24일차,な형용사,명백한,"明らかな (あきらかな)"
24일차,な형용사,안이한,"安易な (あんいな)"
24일차,な형용사,적당한, 무책임한,いいかげんな
24일차,な형용사,심술궂은,"意地悪な (いじわるな)"
24일차,な형용사,이상한,"おかしな (おかしな)"
24일차,な형용사,주된,"主な (おもな)"
24일차,な형용사,가능한,"可能な (かのうな)"
24일차,な형용사,바싹 마른,からからな
24일차,な형용사,텅 빈,がらがらな
24일차,な형용사,불쌍한,かわいそうな
24일차,な형용사,완전한,"完全な (かんぜんな)"
24일차,な형용사,기본적인,"基本的な (きほんてきな)"
24일차,な형용사,마음 편한,"気楽な (きらくな)"
24일차,な형용사,인색한,けちな
24일차,な형용사,훌륭한,"結構な (けっこうな)"
24일차,な형용사,천한,"下品な (げひんな)"
24일차,な형용사,다양한,"様々な (さまざまな)"
24일차,な형용사,행복한,"幸せな (しあわせな)"
24일차,な형용사,실례되는,"失礼な (しつれいな)"
24일차,な형용사,자동적인,"自動的な (じどうてきな)"
24일차,な형용사,수수한,"地味な (じみな)"
24일차,な형용사,자유로운,"自由な (じゆうな)"
24일차,な형용사,중요한,"重要な (じゅうような)"
24일차,な형용사,소극적인,"消極的な (しょうきょくてきな)"
24일차,な형용사,정직한,"正直な (しょうじきな)"
24일차,な형용사,품위 있는,"上品な (じょうひんな)"
24일차,な형용사,신선한,"新鮮な (しんせんな)"
24일차,な형용사,멋진,すてきな
24일차,な형용사,솔직한,"素直な (すなおな)"
24일차,な형용사,정확한,"正確な (せいかくな)"
24일차,な형용사,청결한,"清潔な (せいけつな)"
24일차,な형용사,정상적인,"正常な (せいじょうな)"
24일차,な형용사,적극적인,"積極的な (せっきょくてきな)"
24일차,な형용사,꼭 닮은,そっくりな
24일차,な형용사,대표적인,"代表的な (だいひょうてきな)"
24일차,な형용사,확실한,"確かな (たしかな)"
24일차,な형용사,성미 급한,"短気な (たんきな)"
24일차,な형용사,단순한,"単純な (たんじゅんな)"
24일차,な형용사,적당한,"適当な (てきとうな)"
24일차,な형용사,잘하는,"得意な (とくいな)"
24일차,な형용사,완만한,なだらかな
24일차,な형용사,서투른,"苦手な (にがてな)"
24일차,な형용사,열심인,"熱心な (ねっしんな)"
24일차,な형용사,화려한,"派手な (はでな)"
25일차,な형용사,불안한,"不安な (ふあんな)"
25일차,な형용사,불가능한,"不可能な (ふかのうな)"
25일차,な형용사,불가사의한,"不思議な (ふしぎな)"
25일차,な형용사,부자유스러운,"不自由な (ふじゆうな)"
25일차,な형용사,태연한,"平気な (へいきな)"
25일차,な형용사,평범한,"平凡な (へいぼんな)"
25일차,な형용사,이상한,"変な (へんな)"
25일차,な형용사,새빨간,"真っ赤な (まっかな)"
25일차,な형용사,캄캄한,"真っ暗な (まっくらな)"
25일차,な형용사,새까만,"真っ黒な (まっくろな)"
25일차,な형용사,새파란,"真っ青な (まっさおな)"
25일차,な형용사,새하얀,"真っ白な (まっしろな)"
25일차,な형용사,열중하는,"夢中な (むちゅうな)"
25일차,な형용사,명확한,"明確な (めいかくな)"
25일차,な형용사,명백한,"明白な (めいはくな)"
25일차,な형용사,귀찮은,"面倒な (めんどうな)"
25일차,な형용사,풍요로운,"豊かな (ゆたかな)"
25일차,な형용사,편한,"楽な (らくな)"
25일차,な형용사,영리한,"利口な (りこうな)"
25일차,な형용사,냉정한,"冷静な (れいせいな)"
25일차,부사,여전히,"相変わらず (あいかわらず)"
25일차,부사,눈 깜짝할 사이에,"あっという間に (あっというまに)"
25일차,부사,이것저것,あれこれ
25일차,부사,의외로,"案外 (あんがい)"
25일차,부사,의외로,"意外に (いがいに)"
25일차,부사,생생하게,"生き生き (いきいき)"
25일차,부사,갑자기,いきなり
25일차,부사,단숨에,"一気に (いっきに)"
25일차,부사,열심히,"一生懸命 (いっしょうけんめい)"
25일차,부사,일제히,"一斉に (いっせいに)"
25일차,부사,어느 틈엔가,"いつの間にか (いつのまにか)"
25일차,부사,일반적으로,"一般に (いっぱんに)"
25일차,부사,금방이라도,"今にも (いまにも)"
25일차,부사,안절부절,いらいら
25일차,부사,깜빡,うっかり
25일차,부사,어슬렁어슬렁,うろうろ
25일차,부사,매우,"大いに (おおいに)"
25일차,부사,먼저,"お先に (おさきに)"
25일차,부사,무심코,"思わず (おもわず)"
25일차,부사,대략,およそ
25일차,부사,실망,がっかり
25일차,부사,반드시 ~인 것은 아니다,"必ずしも (かならずしも)"
26일차,부사,제대로,きちんと
26일차,부사,가득,ぎっしり
26일차,부사,갑자기,"急に (きゅうに)"
26일차,부사,아슬아슬하게,ぎりぎり
26일차,부사,푹,ぐっすり
26일차,부사,몰래,こっそり
26일차,부사,뒹굴뒹굴,ごろごろ
26일차,부사,빨리,さっさと
26일차,부사,곧바로,"早速 (さっそく)"
26일차,부사,대충,ざっと
26일차,부사,상쾌하게,さっぱり
26일차,부사,조용히,しいんと
26일차,부사,점점,"次第に (しだいに)"
26일차,부사,가만히,じっと
26일차,부사,실은,"実は (じつは)"
26일차,부사,잠시,"しばらく (しばらく)"
26일차,부사,절실히,しみじみ
26일차,부사,조금,"少々 (しょうしょう)"
26일차,부사,서서히,"徐々に (じょじょに)"
26일차,부사,적어도,"少なくとも (すくなくとも)"
26일차,부사,조금도,"少しも (すこしも)"
26일차,부사,이미,すでに
26일차,부사,절대로,"絶対に (ぜったいに)"
26일차,부사,부디,ぜひ
26일차,부사,상당히,"相当 (そうとう)"
26일차,부사,속속,"続々 (ぞくぞく)"
26일차,부사,살짝,そっと
26일차,부사,각각,"それぞれ (それぞれ)"
26일차,부사,그다지,"大して (たいして)"
26일차,부사,서로,"互いに (たがいに)"
26일차,부사,다소,"多少 (たしょう)"
26일차,부사,듬뿍,たっぷり
26일차,부사,우연히,たまたま
26일차,부사,단지,"単に (たんに)"
26일차,부사,제대로,ちゃんと
26일차,부사,무심코,つい
26일차,부사,드디어,"ついに (ついに)"
26일차,부사,잇달아,"次々 (つぎつぎ)"
26일차,부사,항상,"常に (つねに)"
26일차,부사,가능하면,できれば
26일차,부사,동시에,"同時に (どうじに)"
26일차,부사,두근두근,どきどき
26일차,부사,갑자기,"突然 (とつぜん)"
26일차,부사,장황하게,ながなが
26일차,부사,싱긋,にっこり
27일차,부사,느릿느릿,のろのろ
27일차,부사,한가로이,のんびり
27일차,부사,시원시원하게,はきはき
27일차,부사,딱,ばったり
27일차,부사,빨리,"早めに (はやめに)"
27일차,부사,반짝반짝,ぴかぴか
27일차,부사,딱,ぴったり
27일차,부사,비틀비틀,ふらふら
27일차,부사,어슬렁어슬렁,ぶらぶら
27일차,부사,별로,"別に (べつに)"
27일차,부사,따로따로,"別々 (べつべつ)"
27일차,부사,안심하는 모양,ほっと
27일차,부사,우물쭈물,まごまご
27일차,부사,설마,"まさか (まさか)"
27일차,부사,어쩌면,"もしかすると (もしかすると)"
27일차,부사,가장,"最も (もっとも)"
27일차,부사,겨우,ようやく
27일차,부사,일부러,わざと
27일차,접속사,이렇게,こうして
27일차,접속사,그리고,そして
27일차,연체사,대단한,"大した (たいした)"
27일차,접속사,그러나,だが
27일차,접속사,그렇지만,だけど
27일차,감동사,어서오세요,ようこそ
27일차,조수사,~할,"~割 (わり)"
27일차,외래어,아이스크림,アイスクリーム
27일차,외래어,아웃,アウト
27일차,외래어,어드바이스,アドバイス
27일차,외래어,주소,アドレス
27일차,외래어,안내방송,アナウンス
27일차,외래어,아마추어,アマチュア
27일차,외래어,앨범,アルバム
27일차,외래어,알루미늄 호일,アルミホイル
27일차,외래어,알레르기,アレルギー
27일차,외래어,설문조사,アンケート
27일차,외래어,안테나,アンテナ
27일차,외래어,이퀄,イコール
28일차,외래어,이미지,イメージ
28일차,외래어,잉크,インク
28일차,외래어,인스턴트,インスタント
28일차,외래어,인터넷,インターネット
28일차,외래어,인터뷰,インタビュー
28일차,외래어,바이러스,ウイルス
28일차,외래어,에너지,エネルギー
28일차,외래어,엔진,エンジン
28일차,외래어,오피스,オフィス
28일차,외래어,오페라,オペラ
28일차,외래어,카드,カード
28일차,외래어,카 내비게이션,カーナビ
28일차,외래어,커브,カーブ
28일차,외래어,카펫,カーペット
28일차,외래어,카탈로그,カタログ
28일차,외래어,커버,カバー
28일차,외래어,컬러,カラー
28일차,외래어,칼로리,カロリー
28일차,외래어,커닝,カンニング
28일차,외래어,캔슬,キャンセル
28일차,외래어,캠퍼스,キャンパス
28일차,외래어,캠프,キャンプ
28일차,외래어,퀴즈,クイズ
28일차,외래어,쿨러,クーラー
28일차,외래어,클래스메이트,クラスメート
28일차,외래어,클리닝,クリーニング
28일차,외래어,클릭,クリック
28일차,외래어,그룹,グループ
28일차,외래어,케이스,ケース
28일차,외래어,편의점,コンビニ
28일차,외래어,서비스,サービス
28일차,외래어,사이즈,サイズ
28일차,외래어,축구,サッカー
28일차,외래어,샐러리맨,サラリーマン
28일차,외래어,숍,ショップ
28일차,외래어,스카프,スカーフ
28일차,외래어,스쿨,スクール
28일차,외래어,스케이트,スケート
28일차,외래어,스케줄,スケジュール
28일차,외래어,스타일,スタイル
28일차,외래어,스토리,ストーリー
28일차,외래어,스톱,ストップ
28일차,외래어,스트레스,ストレス
28일차,외래어,세일,セール
28일차,외래어,센터,センター
28일차,외래어,소스,ソース
28일차,외래어,소파,ソファー
28일차,외래어,다이어트,ダイエット
28일차,외래어,다이아몬드,ダイヤモンド
29일차,외래어,다이얼,ダイヤル
29일차,외래어,타월,タオル
29일차,외래어,댐,ダム
29일차,외래어,팁,チップ
29일차,외래어,데이터,データ
29일차,외래어,테마,テーマ
29일차,외래어,디저트,デザート
29일차,외래어,디지털 카메라,デジカメ
29일차,외래어,톱,トップ
29일차,외래어,드라이브,ドライブ
29일차,외래어,드라이어,ドライヤー
29일차,외래어,트레이닝,トレーニング
29일차,외래어,터널,トンネル
29일차,외래어,목걸이,ネックレス
29일차,외래어,넷,ネット
29일차,외래어,노크,ノック
29일차,외래어,퍼센트,パーセント
29일차,외래어,하트,ハート
29일차,외래어,하이킹,ハイキング
29일차,외래어,오토바이,バイク
29일차,외래어,아르바이트,バイト
29일차,외래어,패스,パス
29일차,외래어,버스 정류장,バス停
29일차,외래어,여권,パスポート
29일차,외래어,핸드백,ハンドバッグ
29일차,외래어,팸플릿,パンフレット
29일차,외래어,비타민,ビタミン
29일차,외래어,비디오,ビデオ
29일차,외래어,힌트,ヒント
29일차,외래어,파일,ファイル
29일차,외래어,패스트푸드,ファーストフード
29일차,외래어,지퍼,ファスナー
29일차,외래어,팩스,ファックス
29일차,외래어,블라우스,ブラウス
29일차,외래어,브러시,ブラシ
29일차,외래어,플러스,プラス
29일차,외래어,플랜,プラン
29일차,외래어,브레이크,ブレーキ
29일차,외래어,벨트,ベルト
29일차,외래어,보너스,ボーナス
29일차,외래어,홈페이지,ホームページ
29일차,외래어,포스터,ポスター
29일차,외래어,마이너스,マイナス
29일차,외래어,머플러,マフラー
29일차,외래어,마라톤,マラソン
29일차,외래어,맨션,マンション
29일차,외래어,미스,ミス
29일차,외래어,밀크,ミルク
29일차,외래어,메일,メール
29일차,외래어,메뉴,メニュー
30일차,외래어,멤버,メンバー
30일차,외래어,유머,ユーモア
30일차,외래어,유럽,ヨーロッパ
30일차,외래어,라이온,ライオン
30일차,외래어,라이트,ライト
30일차,외래어,런치,ランチ
30일차,외래어,러닝,ランニング
30일차,외래어,리더,リーダー
30일차,외래어,리사이클,リサイクル
30일차,외래어,리터,リットル
30일차,외래어,리본,リボン
30일차,외래어,레인코트,レインコート
30일차,외래어,렌즈,レンズ
30일차,외래어,로비,ロビー
30일차,외래어,로봇,ロボット